[
  {
    "user": "62895323056424@s.whatsapp.net",
    "afkTime": -1,
    "alasan": ""
  },
  {
    "user": "628981722242@s.whatsapp.net",
    "afkTime": -1,
    "alasan": ""
  },
  {
    "user": "129459441135829@lid",
    "afkTime": -1,
    "alasan": ""
  },
  {
    "user": "6288246552068@s.whatsapp.net",
    "afkTime": -1,
    "alasan": ""
  },
  {
    "user": "6285142535630@s.whatsapp.net",
    "afkTime": -1,
    "alasan": ""
  },
  {
    "user": "6282132483474@s.whatsapp.net",
    "afkTime": -1,
    "alasan": ""
  },
  {
    "user": "6289507651926@s.whatsapp.net",
    "afkTime": -1,
    "alasan": ""
  },
  {
    "user": "6285189063747@s.whatsapp.net",
    "afkTime": -1,
    "alasan": ""
  },
  {
    "user": "601128316321@s.whatsapp.net",
    "afkTime": -1,
    "alasan": ""
  },
  {
    "user": "6285624334357@s.whatsapp.net",
    "afkTime": -1,
    "alasan": ""
  },
  {
    "user": "183760645541946@lid",
    "afkTime": -1,
    "alasan": ""
  },
  {
    "user": "6287833529409@s.whatsapp.net",
    "afkTime": -1,
    "alasan": ""
  },
  {
    "user": "275187731837006@lid",
    "afkTime": -1,
    "alasan": ""
  },
  {
    "user": "6289612995917@s.whatsapp.net",
    "afkTime": -1,
    "alasan": ""
  },
  {
    "user": "6281252936979@s.whatsapp.net",
    "afkTime": -1,
    "alasan": ""
  },
  {
    "user": "93497176649885@lid",
    "afkTime": -1,
    "alasan": ""
  },
  {
    "user": "52626704093368@lid",
    "afkTime": -1,
    "alasan": ""
  },
  {
    "user": "18176670748823@lid",
    "afkTime": -1,
    "alasan": ""
  },
  {
    "user": "6285148126007@s.whatsapp.net",
    "afkTime": -1,
    "alasan": ""
  },
  {
    "user": "247794497544398@lid",
    "afkTime": -1,
    "alasan": ""
  }
]