[{"id":"129459441135829@lid","name":"Ryuu","age":"d8c817457946e82c2c12"},{"id":"6285189063747@s.whatsapp.net","name":"mikuuiuuuuuu","age":"86ce05c0ac86d34c25b2"},{"id":"628981722242@s.whatsapp.net","name":"Ard","age":"170aff907f203aa0c03c"},{"id":"62895323056424@s.whatsapp.net","name":"ilham","age":"100f9d77e691c6758f59"},{"id":"6285122611500@s.whatsapp.net","name":"han","age":"06c5863e05b9825986cc"},{"id":"6288246552068@s.whatsapp.net","name":"Ryuu","age":"9eb21b10a8d07c0f5eb1"},{"id":"6287833529409@s.whatsapp.net","name":"p","age":"0065dcf778a905102e84"},{"id":"6289507651926@s.whatsapp.net","name":"raxzy","age":"37985004c30aa8fcb908"},{"id":"6282132949757@s.whatsapp.net","name":"kroco","age":"3feb805d89f278bcb792"},{"id":"601128316321@s.whatsapp.net","name":"Fiq","age":"9cde459c97c22fbab592"},{"id":"6285142535630@s.whatsapp.net","name":"zaki","age":"93bc699e038f4ffd532f"},{"id":"6281252936979@s.whatsapp.net","name":"alif","age":"bfb2317cf49d9f076604"},{"id":"62882019491828@s.whatsapp.net","name":"lann","age":"5592617abb9f2dac137b"}]