{
  "groups": {
    "120363418247572758@g.us": {
      "welcome": true,
      "welcomeText": "halo @user semoga tidak jadi beban di @group yah😀",
      "goodbyeText": "daahh beban @user 😂",
      "goodbye": true
    },
    "120363376843756848@g.us": {
      "welcome": true,
      "welcomeText": "Welcome @user di group @group !!",
      "goodbyeText": "Bye Bye @user",
      "goodbye": true
    },
    "120363385138939548@g.us": {
      "welcome": true,
      "welcomeText": "welkam @user di grup @group :v",
      "goodbyeText": "dadah beban @user",
      "goodbye": true
    },
    "120363398879034090@g.us": {
      "welcome": true,
      "welcomeText": "halo @user",
      "goodbyeText": "dadah @user",
      "goodbye": true
    }
  }
}